<?xml version="1.0" encoding="UTF-8"?>
<assessmentItem xmlns="http://www.imsglobal.org/xsd/imsqti_v2p1" xmlns:xsi="http://www.w3.org/2001/XMLSchema-instance" xsi:schemaLocation="http://www.imsglobal.org/xsd/imsqti_v2p1  http://www.imsglobal.org/xsd/qti/qtiv2p1/imsqti_v2p1.xsd" identifier="i14075077342100391" title="Example_6_Geography" label="" xml:lang="en-US" adaptive="false" timeDependent="false" toolName="TAO" toolVersion="2.7">
  <responseDeclaration identifier="RESPONSE" cardinality="single" baseType="point">
    <areaMapping defaultValue="0">
      <areaMapEntry shape="circle" coords="279,413,18" mappedValue="10"/>
    </areaMapping>
  </responseDeclaration>
  <outcomeDeclaration identifier="SCORE" cardinality="single" baseType="float"/>
  <stylesheet href="style/custom/tao-user-styles.css" type="text/css" media="all" title=""/>
  <itemBody>
    <div class="grid-row">
      <div class="col-12">
        <selectPointInteraction responseIdentifier="RESPONSE" maxChoices="1" minChoices="0" class="responsive">
          <prompt>Select Point interaction. Try to locate the home of TAO </prompt>
          <object data="Europe_satellite_globe.jpg" type="image/jpeg" width="800" height="704"/>
        </selectPointInteraction>
      </div>
    </div>
  </itemBody>
  <responseProcessing template="http://www.imsglobal.org/question/qti_v2p1/rptemplates/map_response_point"/>
</assessmentItem>
